kepid,offset_as,sigma_as,east_as,north_as,east_err_as,north_err_as,n_panels,n_skipped,median_panel_snr,median_panel_quality,dr25_offset_as,dr25_offset_err_as
1432789,2.68706839978047,0.22064957155522527,0.04783739553973934,-2.6866425457598098,0.08527199602377512,0.22067932311528277,31,3,64.10976625076255,0.6846722368168131,1.5698,0.684
1724961,2.4964597410283864,0.7008542920862143,-0.836345977752606,2.352198257815985,0.26769990812414807,0.7377229687008119,16,1,1914.529566183056,0.7456487155338807,0.91668,0.669
2308957,0.18192192068425503,0.0387377674149338,-0.03650987040658095,-0.17822069068529345,0.024534822747214132,0.03922152795595501,11,6,5114.519452026059,0.9954351962469635,0.023366,0.0773
2309568,10.786439313269533,0.37070171336543095,5.985409073581155,8.973413580167744,0.32321985541112414,0.3899730305823127,13,4,367.64336547551335,0.6739646912224528,0.3838,0.239
2309910,3.388512877135708,0.05782638606493037,3.2622819939816887,0.9162618131611566,0.055587731762971944,0.08100878968504603,14,0,37.24108396736952,0.9844076670376358,3.4216,0.078
2579147,0.31704965247242706,0.1542175043448374,-0.2891461375346986,0.13005765368347966,0.1377795111322691,0.21796137690921688,47,4,49.38060936405744,0.909709955608754,0.060236,0.435
2696938,5.254715189201964,0.1404394974554187,3.3952038321308877,4.010563882786755,0.09460172635207637,0.16566386355642918,3,1,279.4230933982517,0.6499190424322285,5.7222,0.119
2987027,0.6417715285495884,0.03277034356796087,0.32371313372696325,-0.5541484475386937,0.03834196202837098,0.03063804604244673,16,1,338.37702853796384,0.9994602025553218,0.51636,0.0692
3103212,0.5090721029705093,0.3216050478491394,0.4208328644328711,-0.28645087927259283,0.16180465361122354,0.519768415788195,13,4,15.714165124078283,0.8437603038826929,0.11349,0.353
2570767,0.5455851870764824,0.8789927717412684,-0.43397130873447626,-0.33065404814180965,0.7464535211225157,1.0694525441415743,9,8,91.07731273342729,0.646530946466972,4.8273,1.12
2438249,0.4536000068017215,0.36984251725570144,-0.40495561418387493,-0.2043622193838246,0.37917421283722014,0.33066347131079393,9,8,12.762539581701114,0.8590135706630861,0.3779,0.191
2852528,2.324725435243231,0.7238703826680764,-0.4179573095817606,2.286844996197601,3.7247670459614106,0.27938598784011004,10,4,40.42369627804358,0.862292600936696,1.0463,1.44
2859299,8.421610575280466,0.8636824792992491,2.823502323199851,-7.934189266242697,0.5156700146744502,0.8981863391168597,15,1,20.337752845433947,0.9120977187981613,11.175,0.974
2693092,0.1605204603033558,0.039065687704410754,0.12389665543211642,-0.10206094722633452,0.021541071136838036,0.05559970278285744,32,0,6981.330519889652,0.9985350600405296,0.24963,0.0672
2575964,1.4801496262070517,0.968175059824316,0.11346001838546804,1.4757946131453537,0.42225943350665274,0.9704892939395615,13,4,179.70418097782,0.6756425975687983,7.5348,0.461
2994888,0.9365998734364684,0.3037662307374987,-0.4759608639100552,0.806647741549682,0.22854860399729343,0.3259047791219805,17,17,22.86114945856687,0.9615089628442708,0.20446,0.355
2995392,0.8714557128737348,0.42740040912628985,-0.6790587423410437,-0.5461815485261923,0.27340851595566246,0.5911744843689231,13,4,9.657882038922432,0.8343936937226534,0.16719,0.547
2715282,2.1574398765067175,0.7147184788352603,-1.6983664387216415,1.3304503976343085,0.7251746600106768,0.6973438750213552,7,10,9.909621125174612,0.6154279476749323,0.19452,0.469
3859079,0.26073154232162077,0.18380017928502032,-0.2538648801541457,0.05944375312623151,0.18580692827913992,0.14231913811577873,12,1,10.903298237974665,0.9426741338094258,0.12416,0.228
3728432,0.05529821850313305,0.12324646164579858,-0.040657820469779345,0.03748112330583808,0.08748656812123333,0.1551031877053352,17,0,10.954810195795401,0.9310758640857582,0.21813,0.162
3868759,2.0820636106239037,0.2626704465846226,-0.4235872379874618,2.0385197400315747,0.0625369755687704,0.2679663336935722,8,5,5.4010438666911975,0.8034601773664072,1.338,0.547
3557560,0.5241858447810812,0.3900387433221492,-0.030747135326610598,0.5232833014133575,0.3798172449152526,0.3900735692336013,9,5,5.89673809634696,0.8491092733802496,0.76327,1.16
3629330,0.9875599930157193,0.4173680311790887,0.5772594762172052,0.8012778774698859,0.2492838057983123,0.4820301413860249,10,1,8.820419456969738,0.9031608824296287,0.066465,0.338
3831523,0.8193224597795599,0.5082775279844284,0.36397622333447743,-0.7340371938440171,0.42160258511878984,0.5274113230820535,14,3,125.74279790237912,0.8859009808552635,0.51612,0.321
3850331,0.1426381221534882,0.19087374426923195,0.007297684044156253,-0.14245131694394786,0.07616163034416516,0.1910842188664238,17,0,219.9506948234995,0.9882709891262295,0.24962,0.439
3239171,1.6379672611539093,1.004251101768463,0.27953358839949344,-1.6139385742860668,0.291434394320536,1.0179519263935206,5,10,5.3941855980535935,0.7987269176636619,1.1441,0.45
3342952,10.971846503925,0.2682755863560841,-5.522369285876712,9.480762267671139,0.30570188052038855,0.25432916795343896,15,2,73.28083727384593,0.8700831464146775,10.526,0.266
3241604,4.256510763221759,0.4688476038354206,4.070464023651219,-1.2446712455840725,0.3632754583821688,1.0767350746606392,3,0,219.26661295289648,0.8916400351426618,3.0129,1.15
4466356,4.7468989387122065,0.14383984463471358,4.734790450370842,-0.3388346579441759,0.14401511239007164,0.10410772270262955,17,0,10.035733730494705,0.8923590689045958,5.0282,0.123
4355012,0.07577250030233056,0.24159576826560983,-0.07558336807689683,0.005350352532218494,0.23974356155059257,0.48609673766370637,13,7,61.47972905413104,0.9423027288740448,0.2193,0.514
4636578,0.6397566441735559,0.18626071500764346,0.4271192229934139,0.47629584620665355,0.16122018458121418,0.2041817095627906,47,4,27.22039822434306,0.8984300653526184,0.24355,0.144
4579651,0.631570625708778,0.5760051734744143,0.5861821235012495,-0.23509992204537866,0.5960017091344233,0.4313778046530091,12,2,13.159834850704966,0.82051195906728,1.0709,0.557
4349442,4.647760745945258,0.3364086187264331,3.4475360811111115,-3.117077945927349,0.1270621216642971,0.48151814270912313,50,1,329.70005844367745,0.9313659511099055,0.089248,0.0963
4282872,0.11599879434962726,0.04326243893271995,-0.06002510397133341,-0.09926080386435387,0.038009891406223364,0.04503049894259205,14,0,52.395873667833115,0.996052236542458,0.13027,0.0766
4173026,0.15607049238140666,0.22746246455487806,0.0074202528018762,-0.15589399744868615,0.1930865597341434,0.22753444937657383,14,0,13.199790634562948,0.9368215026452678,0.25037,0.17
4242692,0.46354739291163666,0.2881366235857454,0.3106565548829417,-0.3440475118111408,0.26303743885425146,0.3070859253739276,17,0,25.13418683655714,0.949788513354015,0.53975,0.206
4139816,0.05043298336300421,0.061210109574480226,-0.03912717474260514,0.031820590936604276,0.048947871246832454,0.07608553693873175,55,11,9.249824930177471,0.9242922178930947,0.15446,0.0916
4044005,0.2573550539363922,0.04669540355940643,-0.041910648184524495,0.2539195174762199,0.026479281566440502,0.04712495798396401,17,0,452.70239580175695,0.9994638205347492,0.037556,0.0707
5092266,0.20068214522890698,0.24212907656390664,0.030834942719900525,0.19829909157920156,0.17710032485723345,0.24348648142751425,12,2,6.189792738445252,0.8407966410068732,0.25731,0.32
4850809,1.2206465486315152,0.7415183776558114,0.49203700182791404,-1.1170844128884028,0.615748595881877,0.7635231384549157,13,1,18.362182972343547,0.6816582656287065,2.6658,0.694
4951877,0.23209188157212338,0.25723807032167767,0.15954030381522755,0.16856314232427394,0.30187126727222524,0.20932426590502784,16,0,21.040275141124162,0.9469577255484829,0.67463,0.255
4947556,0.897645996547192,0.2992511302701876,0.8738609317019667,0.20526910912792573,0.2850849062384879,0.4894619385552337,11,5,13.049401414920519,0.8456788038748904,0.1179,0.423
4939533,0.5475639235186028,0.29495509185368257,0.15987805024256524,0.5237034078461988,0.22368965746670535,0.30073782791676545,12,2,5.222566537066088,0.7763925344709617,0.29926,0.526
4768668,0.830018360063986,0.306899784371218,0.6577712068989161,0.5062287204594895,0.2901772552234589,0.33323384581375254,43,8,89.2204502777205,0.8220796238339698,0.24144,0.42
4847534,0.3148949246927786,0.1424227844006948,0.2519741145829767,-0.1888593634888025,0.11417562588622762,0.18217146515403823,14,0,15.813997304416544,0.9621396798213429,0.36177,0.127
4843037,0.3082726274263352,0.30410578130990124,0.2902981833088777,0.10372549150474697,0.26833453856015577,0.502863819921537,15,0,40.0430482067198,0.933656970241842,0.41562,0.73
5531953,0.07412630360790282,0.09042731600699591,-0.059715889717208315,-0.04391721077041666,0.07663686651821125,0.11152009477294389,38,13,5.8383232097122155,0.8284846473504137,0.38593,0.509
5471328,6.633198838413033,0.33033361291882235,5.70425675043378,-3.3853776384702883,0.3569125059536058,0.23929109657865766,14,14,78.32904790898345,0.7499143999125562,1.8397,0.488
5480640,0.23613862139520636,0.22170003489086018,-0.17362415134600814,0.16005031266388414,0.24251997906568049,0.1943629932997421,42,8,10.3817031286845,0.8573532837838365,0.294,0.169
5629538,0.25959787419708924,0.3070893691491763,-0.17990661045759468,-0.18714878519858757,0.22232350176936905,0.36847529341024365,14,0,11.377783531372936,0.8723805709455804,0.35657,0.281
5599774,0.30191105397654616,0.19708820473925096,0.20411785205441746,0.22245491000632,0.09031067527855793,0.25432422323780185,8,1,8.001540305657263,0.8997337226797776,0.04311,0.516
5561278,1.0284394727149935,0.4903540824999457,-1.007163612442109,0.20810864184568345,0.4924428772450104,0.43859488451386686,16,1,68.2455620407643,0.8228996840731813,0.49504,0.364
5636642,0.22828664987248987,0.032094927751370364,-0.14169323015096325,-0.17899112558836805,0.022985215699530298,0.03666772842962302,16,0,111.06602753731613,0.99436975504517,0.18847,0.0723
5370646,0.1539736521761996,0.08506068879883814,-0.08985736964686111,0.12503415007358853,0.10656370763399116,0.0714645369308745,30,0,83.93051343099265,0.9915498595010495,0.34848,0.508
5428657,0.5934808115693311,0.09915299524428997,-0.5917255283755405,-0.045611103578835355,0.09921524680352774,0.08805084564375085,13,0,14.729432267059602,0.9636972031366259,0.67407,0.121
5390694,0.11861186939403319,0.5665925792785441,0.04419407132790797,0.11007115707855064,0.5430891422374475,0.5702908171846809,17,7,19.978887555663892,0.8194645796008145,0.31043,0.229
5308419,8.50912375802899,0.0356787576577809,-8.394070026243304,1.394552087222678,0.03427898802616888,0.06943231797831871,17,0,129.636069582519,0.9971616741430547,8.629,0.0735
5385141,2.444608430940382,0.8195386548463856,2.361477320123387,-0.6320880058723333,0.7742397232604847,1.2958923005131597,27,6,476.6414663782603,0.6672111706456849,2.3805,0.813
5456359,0.4867142597683225,0.2317161485638176,-0.39876002681608547,0.27907205463009177,0.21609119236993213,0.26072598917120693,16,14,885.0612792776884,0.9808098342939582,0.020045,0.145
5263749,0.08338174884603942,0.12860774338328115,-0.027274846165034075,0.07879466230207299,0.06869474775070905,0.13400129642491024,34,0,2569.423248047686,0.9922328638514578,0.17339,0.0953
5437348,0.9211909447234242,0.3316621955276854,-0.5775537949547389,0.7176519843028473,0.2538185718105056,0.3735213645538052,3,0,63.665635643622934,0.9239619401242543,0.91154,0.484
5264304,0.15051550981077708,0.051008358559072146,0.06036971389542103,0.13787826637212675,0.03816314804367297,0.05311726028393529,20,0,486.2220045381617,0.9980949317500281,0.1532,0.105
6060355,0.21042500546490403,0.13500755013720464,0.14258016951780692,0.15475651257759182,0.11335063097781417,0.15097222960347015,17,17,21.695728687622836,0.9563409136375599,0.83105,0.391
5952457,2.1510064790167354,1.072846642446648,-0.34216091478350613,-2.1236183228552363,0.8826952275901055,1.077336154753376,7,10,5.379624184580813,0.6103857654611815,3.3611,0.608
6022556,0.24173420052388206,0.040892891573141965,0.23453105866532786,-0.05857137717555361,0.04042913160105731,0.04771704623210922,13,0,32.242699078332514,0.992777993025292,0.13893,0.0741
6035335,0.09899738333288714,0.032409580412820355,0.053149566637543576,0.08352009023582241,0.02118162659027419,0.03597299418581528,36,15,1033.5033588652022,0.9991612601661055,0.18009,0.0868
5978361,0.11571731685836573,0.08305494672560146,0.10229529416171398,-0.05409408667560456,0.089481959452049,0.05415329249301086,17,0,20.14817082738535,0.9763220186959437,0.15288,0.108
5709725,0.33107485650922625,0.07772933152013237,0.3238355453487777,-0.06885564741736516,0.07343034790085705,0.14288334694523402,30,1,14.418953789177689,0.9530464300237462,0.15907,0.179
5774349,0.34264255268461236,0.11682757909758679,0.2434445965947309,0.24111957054344657,0.10162455220000154,0.13051503580185858,13,0,22.815893404967518,0.9848109458448278,0.46795,0.183
5814013,7.644414666207475,0.23026160589970732,7.644080083489392,0.0715210886994555,0.2302687893941145,0.12341175132419258,14,0,54.41389996082069,0.9759245985782459,4.7626,0.52
5819157,2.052273095116494,0.32899026920858704,-1.9559367135954058,0.6213987683835853,0.30264888544976193,0.5225704277883342,16,1,30.568208179473082,0.7354224409299243,0.62969,0.426
5716932,1.8641393194310827,0.535690074104792,0.8465623767332809,-1.6608273674734164,0.47517284554014044,0.5503254607752587,13,0,40.06549794342001,0.9000020863509095,0.34103,0.39
6522144,0.2991066689785608,0.13061202320442047,0.005051676925258448,0.29906400650645537,0.2349392156893607,0.13057036076066608,17,0,103.41226629676966,0.9842751684771893,2.3527,0.918
6464285,0.3010239478149082,0.02025313186926706,-0.29946969098418924,-0.03055030834389072,0.0202927663718149,0.015992886815602517,17,0,26160.028240900167,0.9993771975210997,0.13358,0.0672
6357958,0.07675795510509603,0.0524028784389457,0.07461543317608094,-0.018008909013644825,0.04808720482656969,0.10094990682910529,14,2,122.62085563513568,0.9963082143268421,0.10003,0.1
6392601,0.2765397615908775,0.1503312330295854,0.1296364296192495,0.24427164357803122,0.20828371833331727,0.12940663047128942,31,3,64.05935403400449,0.9775428600392896,0.25486,0.109
6233748,1.305880339164602,0.3260034835793341,-1.2468145734376126,0.3882999867116155,0.3333841785235019,0.23685649162131464,12,5,72.36028593527433,0.7794758041002755,0.28853,0.372
6233890,9.93812664578844,0.2047862488089414,5.993614090536841,7.927354625689986,0.23827905358342852,0.18290595383905575,31,3,1230.2851979091154,0.9869854242968068,10.787,0.0802
6292452,0.9333879436860315,0.3344166595833473,0.9317740639536717,-0.05486480804393068,0.3342987430496982,0.36684819168841165,23,2,53.156568598304176,0.8204679406605193,0.21445,0.294
6197810,1.0242911435588726,0.22282598866283418,0.9004804585021797,0.4881672773024093,0.20167302424760203,0.283204511713462,34,0,119.24563980981054,0.8768431611331284,0.87873,0.278
6206627,0.31294287042770425,0.2600556381764598,-0.20499403307375355,0.23645440692803277,0.3177338761608418,0.20635201495598116,12,8,164.31414370918588,0.9596925679588597,0.13828,0.23
6307537,0.1021627082132521,0.019917180150805486,-0.1016321865833114,-0.010397961327157645,0.019972879990502672,0.013580351330061824,33,0,34799.227579307546,0.999513040545583,0.051675,0.0679
6309129,3.0920006490147163,0.5623412613248041,-3.0372693443648497,-0.5791916291599364,0.5382350382344435,1.0226461364736448,19,15,172.29131419390467,0.6725575532844709,2.3493,1.27
6145939,0.31206654751366897,0.02375617177854401,-0.15822137699973476,0.268982389641792,0.029564468918749802,0.021382169024246243,8,0,9962.694306660982,0.9991497680184032,0.3518,0.0688
6119141,11.001763081613284,0.25698327355758604,6.0145198431016995,9.212184429378567,0.43024021612920604,0.12364053644393573,13,4,20.456469038206393,0.815520791072467,11.493,1.57
7008211,0.4928241990862646,0.28065591349718627,0.39532621211369584,0.2942666770479718,0.06304151764912039,0.46233651940377707,5,1,8.660127815160326,0.8736818868049218,0.5968,0.369
6960913,0.24858606706180034,0.0751526259621548,-0.2367787081689003,0.07570255012296911,0.0730648506752338,0.09314054593020084,17,0,21.819589421148883,0.9811154840309046,0.13858,0.109
6952259,1.101893210225679,0.3193694547237801,0.5197705579083598,-0.9716003364928838,0.29175574281571115,0.32684301742270516,14,3,86.00610279397179,0.9437019635882992,0.053529,0.269
7031638,0.5005889008987197,0.6460061185612369,0.17978185430627638,0.46719132329826607,0.43268357813533753,0.671862242446753,13,4,22.92262920102075,0.680838714937979,1.0051,0.856
7033671,0.47344861181895903,0.14126681713907183,0.46033175253517267,-0.11067188279412221,0.14223376373024893,0.12334356439883978,17,0,25.98817786413701,0.9732814080413603,0.055353,0.191
6867555,0.13576700798054536,0.264401293469566,-0.04007712053039446,0.12971701841308914,0.2650144825137719,0.2643426870843809,13,1,9.904600921166367,0.9355627436025695,0.20887,0.192
7031126,0.5314544553413845,0.46976017774783413,0.44366409842620663,0.2925850404068342,0.49186812041469347,0.41447725339857167,11,6,9.325236641919835,0.6541006293183633,0.98988,0.673
6863839,7.894314046914067,0.2756309621675332,-0.8215968551452902,7.851443999604157,0.552739849502131,0.2710329160180959,17,0,191.0419768008689,0.9331256289810594,10.914,0.601
6965758,0.25074876532133616,0.25644568787900035,-0.2053255805989242,-0.14393175209761466,0.2692885020693797,0.2280876865204196,32,2,46.30215031568507,0.8681721372168607,0.53525,0.364
6594972,0.08071439432977581,0.02258925675602599,-0.02010906068318121,-0.0781692978762294,0.010484408945105408,0.02316827233455092,34,0,16427.127500795315,0.9998645674015155,0.090062,0.0705
6586052,1.1064607193106013,0.4832229444947163,0.5541536795126729,0.9576894187887319,0.5591134124267957,0.45499344581623186,20,8,162.5354817524016,0.9082004947484434,2.3947,1.02
6782960,0.015141641276960398,0.18639096684025683,-0.012747390258938323,-0.008171495710485033,0.1644364352914691,0.23126904359143644,16,1,296.62825428952556,0.9173914002320451,0.11617,0.109
7303287,0.13909351580446763,0.14425957123198502,0.13719035524990225,-0.022930603246607006,0.1457047387373266,0.07623155204161872,26,4,38.26846702754618,0.9842684725065648,0.078704,0.0687
7304449,0.8052842399010491,0.09279622160696038,-0.09260873252724644,-0.7999414539156646,0.08677145529968498,0.09287431474106853,16,0,14.521394906262296,0.9682770350648935,0.68322,0.104
7382313,0.38022529516485265,0.30685075600386336,0.3655517380974281,-0.10460975985608911,0.30081314990926294,0.37277036810677805,16,1,7.369024973231079,0.8862996118507565,0.53043,0.318
7357531,1.6560631435699358,0.142939956857424,-0.9748521602980049,1.3387338798480641,0.027364596619134738,0.17569561061960512,4,0,86.31407032870437,0.9953093086098233,1.1974,0.18
7199037,5.420471373646032,0.5115068302136196,-5.336424663474441,0.9508321216586069,0.47512418607609186,1.1799684124047949,14,3,828462.5139565596,0.83296994468673,4.4817,0.801
7098355,0.2088623329876329,0.1418711098324907,0.17385591708321152,-0.11574797724449581,0.11695534863884009,0.18621619881040893,13,0,16.999328177775116,0.9680517483731286,0.15301,0.171
7219825,0.2964853477803744,0.17820936222591088,0.27172449852777475,0.11861432606679045,0.18732119590768592,0.11949782448127742,21,0,31.57751339294471,0.9791867069754053,0.29843,0.146
7281468,0.9423898781356561,0.829383656736585,0.38868530300574555,-0.8585000976353285,0.7743694094626035,0.8402158378116902,7,10,7.749100784272347,0.6485600106716244,0.34935,0.78
7211469,0.6846609528390043,0.316980602713409,0.6810176265088475,0.07053802326879577,0.31803675339321674,0.1948385995495432,15,2,9.495480918203514,0.9132617059426603,0.40972,0.423
7200463,1.4150969722163615,0.824835415273666,-1.1572454997017751,-0.814421447529412,0.9295532622107219,0.5562529542487585,3,14,7.8791651024434355,0.7664530850824699,1.955,0.754
7105574,0.10919584265510977,0.01092675099561394,-0.07713958429929532,-0.07728658736994021,0.010686711578433941,0.011160746079317455,34,0,3675.4616897021574,0.9998377643598387,0.061654,0.0673
7199883,1.5983972915922697,0.8207701698859627,-0.6628376423608422,1.4544827814859218,0.8551852820796458,0.8134402225986621,9,8,16.389643118063468,0.6439244684183194,1.4903,0.699
7281864,1.6709633365175223,0.9874819219177458,0.019911361342157652,-1.670844699448537,0.7017671845994079,0.9875166266977945,10,7,6.7924013576430795,0.6013381123574818,0.55822,0.438
7115332,2.9134265755999564,1.6546956315130508,-0.5367824903385666,2.863550064077458,0.7404440973894383,1.677785210383447,5,4,13.715111793538153,0.636837481344496,4.7893,0.679
7177766,0.35475038137582343,0.7516453801456467,0.07002449600124191,0.34777061843414003,0.4609058157143431,0.7610936959823321,16,1,33.91644931523475,0.8054556655362517,1.2295,0.761
7918652,0.4805658200083947,0.4981909873160106,-0.3995699800220591,0.2669968884191576,0.5611545105542408,0.3143432545429468,14,3,23.496491667174073,0.8068137765269046,0.85278,0.364
7837302,0.10968730082232295,0.009629524535770496,0.024851990471655726,0.10683483762932156,0.012409493312287157,0.009455812911992103,17,0,2052.223830032507,0.9996337136518082,0.09002,0.0675
7951018,0.10586528760037721,0.03809166234186536,0.0008586870758268433,-0.10586180508198595,0.03527162613614926,0.038091841016867856,17,0,83.98999153899815,0.9989869365298703,0.056249,0.0747
7832829,0.9594868489525463,1.07913483098589,0.958199755266991,0.04968140818419897,1.0794939032946516,0.9360586159654528,4,12,35.7828835095777,0.7855155746599068,0.65892,1.22
7877496,0.10695763478256014,0.036833027802034686,0.10097545630724686,0.035268865332227506,0.038354520076649294,0.020468781315557866,29,5,663.8200885564763,0.9992179071240517,0.045246,0.0677
7777471,3.8493768173932774,1.5382573544444802,2.53244438453373,2.899039034150519,1.7529888440550656,1.3516430462108018,11,6,7.825886422014973,0.594455341046859,2.8295,0.943
7601917,1.0340127313292644,0.3446000514701176,0.05265805997250327,1.0326710305179176,0.21445345066781676,0.34487444490573693,18,5,294.7090312392371,0.9600493735730181,0.41162,0.251
7605093,0.43234049093039784,0.23545338974892066,-0.00021173122419228425,-0.43234043908455533,0.06359264626616865,0.23545341592459434,8,0,8.455522301375314,0.9151157558971861,0.26186,0.278
7668648,0.08760840049509412,0.01092193374051623,-0.07777700882538674,0.040323302636124936,0.011728076894305097,0.007166393092375818,17,0,3429.4285301504838,0.9998937562727883,0.15643,0.0671
7749552,0.38003803816730397,0.1587739985946551,-0.35650838873571666,0.13164603759747706,0.15400691785483311,0.19011609487361575,32,2,216.7346380234934,0.9836497677992289,0.20576,0.135
7691260,0.33579805142295777,0.1837590561459722,0.32171303323748013,0.09623437839252347,0.18289053654893894,0.19319995870525075,16,0,10.136161277305535,0.9380123016647826,0.17327,0.322
8265156,1.2058656202420772,0.5979989774041988,-0.9585037356135866,-0.731698355127719,0.7230229349654288,0.2723696677298513,33,1,36.714252579358636,0.8891510919176866,0.6669,0.543
8265218,0.29255371938478275,0.08337683723513392,0.19025500919037885,-0.22224020834187286,0.07723471161195426,0.08760519683470964,17,0,26.312911395108788,0.9715149234598236,0.12525,0.0977
8222627,0.626693292734383,0.23057432585165447,-0.1647055233103883,-0.6046623634304638,0.20566928254507316,0.23231584746608389,16,1,9.274367186084335,0.8734600484217854,0.3486,0.269
8265876,1.3395384669447243,0.2864540031295361,-1.3218313007474136,-0.21708366310946303,0.28857122377853806,0.19213800707511877,22,12,62.04929771311843,0.7603948657363662,0.14175,0.608
8189801,0.08477813092965111,0.16142461340344758,-0.017743950440306248,-0.08290044455065981,0.15616976475704739,0.16166126092482086,15,2,6.870755628381723,0.7200333692281079,0.073485,0.308
8240904,0.15620968761173515,0.12214996243284966,0.004296332624437241,0.1561505940742336,0.0941243033421312,0.1221687431631168,25,0,9.6002092042242,0.9045398722234421,0.24834,0.158
8280511,0.11847069841890497,0.1632280384016615,0.051204745323638806,-0.10683342379707028,0.17971356087297113,0.15919997550306256,75,9,14.31591855938719,0.8543937959571097,0.35636,0.249
8210018,0.540205472538664,0.2251248315105174,-0.4509841084652735,0.29738070965095176,0.25506037335293896,0.13274771412104905,11,0,11.313105741851876,0.9244357190168225,0.2904,0.183
8164262,0.3838450407673443,0.2381227649401154,0.31318013959631463,-0.22193516054045404,0.23467938538642508,0.24483536940668885,50,15,48.65196302671227,0.8817025890825454,0.1294,0.124
8082001,0.4634827530676184,0.10751710366504218,-0.02356560010345654,0.46288327349657266,0.20662198565686613,0.10714119409691272,13,1,17.622332555195726,0.9727082627174586,0.21733,0.101
8013439,3.669293441295348,0.4368190180415397,3.032487437112177,2.0658495352009254,0.43534479446115726,0.43997883978840036,50,0,104.0791801161421,0.6833224338837218,2.4595,0.866
8539939,0.13592799531397498,0.21458864270388658,-0.09510766680215328,-0.09711308678816977,0.26062784611749557,0.15831603993670368,38,12,43.36773700574495,0.929888190290135,0.67899,0.907
8591693,0.9730963974594227,0.24670167996526532,0.5937602329221362,0.770950961182848,0.34141130647146134,0.16680218677406947,15,2,8.190333893989067,0.8872043515803464,0.39524,0.657
8494783,0.45076137759211893,0.24910489962580346,0.17464509193382882,0.4155537406788312,0.24892077815342892,0.24913740640577037,28,23,358.4635678885993,0.8885630739898516,0.44332,0.306
8495232,5.68790109093057,0.3987505619940224,1.3426425407830418,5.5271629094761465,0.1792651600998071,0.40802967189574857,16,1,28.149379733670173,0.7062183225525142,6.419,0.545
8631504,0.16081707178012397,0.31844144217839443,0.09357458194178836,-0.13078963334436366,0.3319243814064508,0.3113139036778881,16,1,11.796321298029998,0.9205068753381282,0.85969,0.463
8554701,0.5325315088505868,0.13741412299928685,0.048873927934864135,0.5302840249214569,0.24111061352291696,0.13619551413051928,15,2,12.206668757647448,0.9044694069088078,0.50332,0.228
8414216,0.9069909259424644,0.2276179937220682,-0.9035552123216006,-0.07887026073518655,0.22314029853127,0.562769420913786,14,3,14.307766091632429,0.8130624542587022,0.88789,0.301
8424446,1.8392264470644242,0.6367660331104773,1.3844706206042428,1.2107828146554311,0.5272303382800055,0.7564215407917575,35,16,604.8895148887176,0.7659111278811896,1.8685,0.458
8359498,0.12547774848047852,0.008718908429310154,0.04712617790400527,0.11629182567958196,0.0051671739459766336,0.009171621551050122,17,0,1105.1448447673058,0.9998501942726796,0.15266,0.0676
8445775,0.11369455378368888,0.02344177109329925,-0.0755880945922768,-0.08492874375605197,0.03149507575719587,0.014108834701677349,34,0,1220.491286882932,0.996953165819709,0.097096,0.0689
8458662,0.5831188626267018,0.5318007629708681,-0.581323221687758,0.045726577366167476,0.5333307985887297,0.13935548190099403,29,5,92.18924022693717,0.8113857071722227,0.21708,0.199
8367410,0.06895628088744112,0.5734759006980773,0.06869203415363122,-0.006031012988216844,0.5736957827814448,0.5441983153053201,8,9,8.500201787176444,0.7888395327609312,1.0733,0.43
8429528,0.5218652405955596,0.18663665259400317,-0.3137775876010567,0.41699754778790066,0.08796608497368757,0.2239973061210274,38,8,97.51271345652201,0.9786611179591592,0.2492,0.308
9011825,0.19984617371545563,0.5651545451137667,-0.1970119069728493,-0.0335380628484927,0.5712536438728102,0.2832461533896611,14,1,20.406477241090336,0.8797757287703702,0.38719,0.346
8978630,1.1120751762211185,0.9408762244761797,1.0987336942195474,-0.17174244307653908,0.9487579678540092,0.5250424440475809,8,6,91.46502480729097,0.8685024643235022,0.448,0.583
9031703,1.1001998102640964,0.41180763222725164,-1.0946765052774636,-0.11010436548417601,0.4106929457286564,0.5101090529721675,15,2,10.094811744458946,0.7550130204207669,0.12409,0.726
9092529,0.11043317015201605,0.023442314405484714,0.020273524873973124,0.10855629534489708,0.04501900885131018,0.0223164012994928,15,8,430.60293375311727,0.9995029862436056,0.050524,0.0696
8718273,0.12468091322488341,0.6773502717011883,-0.06484606186269462,0.10649093099175388,1.1444157137414686,0.37854194020480214,17,0,3130.9918235132527,0.8646398406826317,0.96146,0.585
8765560,1.479655886807318,0.19590464414024597,-1.4361132214180081,-0.3563149711027336,0.20121153805840153,0.06437294149005807,15,1,27.318793314443518,0.937843718046405,1.0702,0.533
8848271,2.9182044492473573,0.03044136811666925,-2.6271952156676974,-1.2703395240563964,0.029539922433805352,0.03402847113737719,34,0,70.80366720703495,0.9902306326111231,3.0035,0.07
8840083,0.350157472205128,0.3876003147509878,0.3185970601212352,-0.14527962218835455,0.4095281487520935,0.2572397762856302,29,22,98.18815832579159,0.8594711734623809,0.1307,0.212
8701099,0.15661994708944516,0.10805950674364069,-0.09133896275222968,-0.1272281482599169,0.17219370462493777,0.04912356407453136,28,6,600.4723708050874,0.9930940984929781,0.14782,0.0783
8802693,0.26246376580909553,0.14118834681793663,0.26087143080080755,-0.028867368335738774,0.14094409611533495,0.15988059537481944,16,1,10.306181119789613,0.9479515314799067,0.25155,0.155
9569838,1.7150123483987443,0.3022100335264505,1.1070530905636708,-1.309847628479588,0.36311554645818495,0.24977002158462042,22,12,301.7333287298876,0.7720548611811318,1.4277,0.917
9488445,3.259549079237421,0.2334640377281091,3.1538170268031807,0.8234672801052056,0.23986042090119689,0.10047974454745116,31,3,41.98803294684993,0.9223878354767825,3.326,0.287
9413156,0.5340922355235336,0.46860046377209785,0.021093192416113737,0.5336755505737756,0.43424950418902913,0.4686521563049488,5,9,4.734257885714492,0.7760388129234866,0.6225,0.615
9351205,0.14965088708038482,0.038562625985687264,0.014771572178978612,0.14892007473576996,0.03222083454784676,0.03861984916657412,33,1,369.636990451802,0.9988704366403504,0.14058,0.0913
9345771,2.1322137913081063,0.5754288052345155,1.8685605846749873,1.027042839049841,0.5986181899119157,0.4909177371117405,10,7,5.879276326581529,0.6276432936283047,2.4436,0.432
9456389,0.07073079548830154,0.1076283991887477,-0.051547499854916655,0.048432434267908775,0.09423781227625241,0.12102015152170777,14,8,102.55022789988953,0.9907623183547323,0.11578,0.203
9512687,0.4617536409493129,0.07881769978161031,0.025083642666404164,-0.46107183366643767,0.07938355238167628,0.07881601901219454,17,0,17.804284757272388,0.9730633581892919,0.3189,0.146
9450647,0.14669719424824,0.15262318471240147,0.0628144539149301,0.13256851503911093,0.21696899287866797,0.13399467209156707,15,0,140.0925852027173,0.9935010119799689,0.26201,0.162
9307105,6.219474650680329,0.026600837985003782,-5.9533818196520105,1.799752716317471,0.026868267708680234,0.023476383749326035,17,0,318.5095510540919,0.9989962854415054,6.4022,0.0676
9099927,5.247947565513501,0.9324514110148717,3.904861035666814,3.5061394642127652,1.198113107046678,0.4091480032131002,45,19,1098.5835479817629,0.6666658142238439,3.5149,0.727
9100953,0.24471770049597472,0.19500745456060906,-0.21677956744236318,-0.1135489853567151,0.17428820625727212,0.2567410599836911,19,9,6.250176583080812,0.7851582011776359,0.5992,0.833
9305831,0.19435105595549945,0.014761531744520301,0.02878414161499927,0.1922077161367497,0.025489554889459105,0.014429783543800923,17,0,160.45582890651974,0.9989113211358843,0.21986,0.069
9839821,0.6369046899533845,0.17203923630563722,0.6126874686297057,-0.1739587591032432,0.17231770547023742,0.16854666987731215,13,0,13.296273809373252,0.9491237212440974,1.0248,0.559
9947653,0.761001513591549,0.3250558620953953,-0.6692178572091114,0.3623130735718405,0.33190716038069074,0.30050826438536954,32,2,14.6241942946795,0.8125091112296212,0.33075,0.669
9823487,0.24643946314055568,0.10533538771772205,-0.14334346890297184,0.2004621134176432,0.08778089663464327,0.11326492018911634,15,0,11.69766406796994,0.9342064740660684,0.15346,0.126
9845573,4.9033430021566815,0.40317303219001616,-4.51287893561504,-1.9174713320623482,0.4143168806580591,0.3347927337102122,26,4,274.3362261635877,0.7145121381034156,0.72495,1.06
9833599,6.3667645766005885,0.7557509985534523,6.2649609547185765,-1.1339997397300294,0.7466615146606072,0.9939671227448398,13,4,6.732078300775595,0.6710318823619211,2.7933,0.656
9895006,0.5297754051003738,0.22331071408293027,-0.2633074791255632,0.45970768025540565,0.22899872160523316,0.22141283493422653,16,1,11.436751327627062,0.8000241436114925,0.82921,0.228
9895709,3.542645751616579,0.06938585189744398,1.7415014129270991,-3.085046474564024,0.09868579473149149,0.0569663983380825,17,0,17.803410775199076,0.9673250600736664,3.555,0.104
9886361,0.2384958580839794,0.1857077495289152,0.23379530907694293,0.04711717072183319,0.17881368031733727,0.3104221220106105,54,5,40.462334002271405,0.9136744086819374,0.38208,0.239
9762713,1.7675538973606928,0.9878156025795215,1.4825473359272294,-0.9624448954667741,1.1774471620516918,0.038643527997793435,3,0,239.93667828564134,0.919705833206225,2.4269,0.58
9605514,0.3113417341361885,0.136840478323293,0.08055036866248942,0.3007412733950332,0.204340308123695,0.13066452025924533,36,4,11.445135646161052,0.9036574264437935,0.37174,0.205
9597729,7.533199729577347,0.2122889343075836,-3.306233789398016,6.768893284396427,0.3555122640941795,0.16020236913182784,34,0,33.51921650077274,0.9397298659180118,4.7384,1.04
9715925,0.15461720760118303,0.021257844758881272,-0.07946455635664862,-0.13263432877437253,0.03956371450518428,0.007227937143443453,8,0,448.8053562365975,0.9996567062843751,0.053243,0.0685
9636559,0.3680334711971408,0.012194342687688427,-0.04736562262042607,-0.3649727848966222,0.008362039126620252,0.012248624980476396,8,0,641.3034676824298,0.9977045962178945,0.35547,0.0706
9712799,1.0824786098343775,0.3525242168261182,-0.9381842383029855,-0.5399724768437864,0.30471695261516074,0.46810944654643527,16,18,46.698963204904516,0.9233987677463421,0.36522,0.292
10273384,1.0210194170348255,0.2844582241382379,0.30709867295841764,-0.9737407535013176,0.19999568820385755,0.29152427055262,28,9,402.671165997151,0.9628820642818725,3.4696,0.877
10333254,1.0364455055406434,0.5496527520295056,-0.41345834860018005,0.9504059553307798,0.5085528367359508,0.5570899534376526,23,11,541.3814034519477,0.8474540579459355,0.23253,0.237
10345862,0.10203155857760773,0.030836652501867547,-0.03086129949872811,-0.0972523477301479,0.020317494749473777,0.031703083543774525,32,0,1933.6234660416646,0.9992048963723832,0.10338,0.0696
10351767,0.4859055665811582,0.01484233229026604,0.14436065206255028,0.46396575495464276,0.02710868436697277,0.0130566887440788,14,0,1773.474373442618,0.999650234639578,0.50161,0.0679
10480921,11.169837634481153,0.3651905792065552,0.1855033953528376,11.168297151803586,0.22757515427694508,0.36522139065598735,13,1,28.259567024370053,0.7549240414064484,9.1763,0.503
10296029,2.2863834663969573,1.2740198986692368,1.5966100380295312,-1.6365774475644912,1.44296020944342,1.0891577652245918,10,4,86.8810418066351,0.6751415782858119,1.9929,0.684
10083623,0.2739671950214146,0.06224521564927859,0.2279595249083971,0.15196209708818742,0.06700631147288717,0.04989654636624663,22,6,23.185442600085835,0.9793258411743258,0.40999,0.0823
10141900,0.15998035157933008,0.17474889845547928,0.027168359513698292,0.1576565670461605,0.17199429065011565,0.1748300366160303,43,25,5.813074533049703,0.8124146009961156,1.6249,0.847
10198662,0.6633950778878602,0.41208208306083377,-0.44394912399233977,0.4929525379509414,0.3226128845212982,0.4723611916162717,26,8,634.7743195008146,0.91080915784022,0.29612,0.384
10158729,0.5746924990880933,0.1260539173533483,0.5704373157772209,0.06980499464219747,0.12477371989821733,0.1932176675445304,12,1,8.3145389903971,0.9050947236064035,0.37649,0.293
9991621,8.270282590553263,0.3141460520644089,-1.1998027241673082,8.182789716880734,0.54272157295515,0.30737108402154756,17,0,48.842101990028645,0.9012630242168997,8.0868,0.281
10202759,6.487361804060289,0.02687010378842199,6.297697797222843,-1.5571980065601565,0.026662612153336127,0.030061233380799388,17,0,213.61396239080182,0.9935379550627144,6.5284,0.0775
10139305,0.4732544341995101,0.019912253042233496,-0.03793128927212405,0.4717318907850654,0.03711383766447693,0.019752354823240545,34,0,85.28207118468725,0.9954157213001349,0.44322,0.0847
10140274,0.7707605840947882,0.2799706444394746,-0.13439367055211893,-0.7589533709719376,0.32335838420205104,0.278500880267885,10,7,5.279935802379964,0.8193893668663952,2.0566,0.652
11031512,0.3371435308393375,0.3035931289424594,-0.3331124258259325,0.051979535849966396,0.29769442925627004,0.48768211201399203,30,4,39.569873555338816,0.8840160247675846,0.2165,0.566
10867062,0.3719677133799854,0.2179522670980856,0.32727912228692546,0.1767720450530419,0.1620576151942286,0.34685794260996683,16,0,28.237916458185143,0.9445586627083227,0.25548,0.272
10880041,1.5924289399400038,0.39809373560564343,-1.5697657233008324,0.26770413278143224,0.39858539866512466,0.3808022996353547,10,5,50.18542043013237,0.818455263130202,0.36471,0.635
10803371,0.21951969957153314,0.08504054212613003,-0.17577949416362015,-0.13149322389978124,0.09880170776722756,0.05206667267829256,18,16,133.48779009477977,0.9929459412965111,0.2894,0.0943
11074835,1.0778263461334057,0.7197403620991765,-0.6558515929984986,-0.8553176722017497,0.5836051123532713,0.7888920783751143,13,1,53.36212927410315,0.8186107474329952,0.57596,0.564
11014282,1.7277892217336863,0.4122542155777998,-1.0906966415403672,1.3400135935398794,0.34491053800777705,0.45136999196384053,18,16,498.2505473838064,0.9598878297048481,1.2004,0.288
10933561,0.4355032776380609,0.25094885313897625,0.40073090058295835,-0.1705222863776612,0.25254435708709877,0.2419481023631382,30,0,31.312442324552983,0.936622737690062,0.49987,0.308
10659313,0.07985583179973203,0.010698740272391443,0.07921387249773801,0.010105259835313518,0.010458606288403262,0.020655639850365816,17,17,1418.127810754098,0.9995806383781883,0.084662,0.0671
10651945,0.1758206510597303,0.012406992644724451,0.00453515089217013,0.17576215106061,0.019597945944472384,0.01240081606819748,24,0,688.3873074486484,0.9994888125971002,0.15924,0.0685
10550660,6.806799816016121,0.3073702476729725,-2.4374481883770165,-6.355420526156763,0.08858010358603079,0.3274429005742475,11,0,16772.345156527637,0.9950820326503759,7.5015,0.082
10538176,0.2699078620641463,0.1395963003927524,-0.020127242595736915,0.2691563636801675,0.10038277544971014,0.13978465303738205,29,1,7.719138942198448,0.9195456566786914,0.50646,0.15
10586208,0.2832532658440543,0.12670991352328112,-0.1880086794203773,0.21186115517934923,0.08064857560951968,0.1535481162835242,13,1,23.310563322300712,0.9571065299738664,0.13448,0.229
10777903,1.3937970542934908,1.280492540407749,-0.18500295730472913,1.3814644889919236,0.731450737594783,1.288204878950349,37,14,395.22525753508995,0.725284224468893,2.3982,0.904
11548140,0.17902823686175962,0.02955629628454916,0.04286627646098616,-0.173820573972705,0.03273998602806185,0.029351534455797218,14,0,365.3907310563126,0.9990650816561935,0.25983,0.0729
11700185,4.341243289214766,0.938646004744684,3.483602100337045,-2.590542356858805,0.5971365628953852,1.3525873592649138,11,4,1553.1628399619967,0.6382814037844879,3.9155,1.68
11612280,0.7276952522371694,0.5600758923149286,-0.00756416664717291,0.7276559375910097,0.3078574504300199,0.5600970100904963,16,1,10.307239479442888,0.7856076710281252,1.3364,0.443
11655826,0.22178346221337053,0.25604488819287446,-0.12874491027901994,-0.18058973444965432,0.4158765441352005,0.10476758753891842,7,10,4.60078604377663,0.852816118996096,0.5709,0.933
11701407,0.8071637662881094,0.1582374520491203,0.3530683026992886,0.725848551171282,0.2893594889588965,0.10560652145131987,8,2,7.157233788093082,0.8950353163896331,0.47614,0.341
11567149,0.4644989903173699,0.797498677941916,0.4563514682770889,0.08661783538741474,0.8067529720234976,0.4731876813400315,10,7,7.980328854754097,0.6877370565295996,2.7825,0.719
11521048,3.112279273122421,0.047887138655364626,-2.102378987227146,2.2948387455272723,0.03721673711160565,0.05527513804210446,32,1,39.8559954654511,0.9379788049106412,3.1126,0.0774
11499228,0.4799208667791857,0.178146786646552,-0.2747626132010873,0.39348385577682166,0.18325916682904003,0.1756000306137857,14,0,14.582599643972445,0.940143026650655,0.26544,0.202
11499757,0.2397978764050671,0.024640642203266533,-0.23350226971611182,0.054586734339068244,0.025056807910707565,0.015123205944110658,28,0,7069.662236791728,0.9980068449410222,0.18001,0.0698
11133306,0.25123031567517284,0.1419144850139297,0.14104628744829367,-0.2079004961785813,0.08096325905303686,0.16245717015121033,15,1,125.84675403323541,0.9822406419400704,0.1305,0.178
11198723,0.11200801523190512,0.028131744082182133,0.01602577834748263,0.11085562640005264,0.007046134323434423,0.02840592717718761,34,0,869.3210362240268,0.9990462316651186,0.032169,0.0672
11389737,0.23361531214879205,0.1485509474364137,-0.061708951665207935,-0.2253178185469551,0.23186224889488022,0.14032173487997404,15,0,54.28472082109599,0.9839969751577123,0.045321,0.176
11337141,0.458946048712188,0.1562757776858676,0.2018844679415117,0.41215790327555624,0.12917646203591543,0.16210516966508365,14,0,7.912905584121153,0.8759993851848895,0.75607,0.23
11125613,0.20674997747245338,0.12108545245435447,-0.17366823480119553,0.11218242913173526,0.1148215766271765,0.134918819770349,34,8,7.4671698811031515,0.8686392565265659,0.52067,0.238
11303811,0.14173862808922583,0.03453914443649174,-0.005921423753988193,0.14161488422246293,0.018894233946751857,0.0345602961553276,23,5,218.3171618518647,0.9983792289880136,0.098866,0.0684
11152625,0.07528940577073638,0.1197092763308763,0.06135228520769717,0.04363933685453958,0.123587764707759,0.1116476624247303,29,1,29.356989781428187,0.9517129877965782,0.47402,0.824
12266636,0.6137603218887285,0.17846805751350298,-0.6061342940762399,-0.0964518028325756,0.17689939397174081,0.23209080176049646,27,6,16.986383088375156,0.849013299308955,0.33143,0.236
12600735,0.27802333133027857,0.10824217968238702,-0.1381745248082706,0.24125665474343805,0.09516187057682997,0.11220111195825207,15,0,18.428993210204954,0.9734597007257793,0.2019,0.102
12647577,0.864848780159222,0.336829785385811,0.09859844243692505,-0.8592099625190031,0.25453686985820284,0.3377797519197314,14,3,7.105376838391281,0.715770906512792,0.42524,0.895
12119295,1.3372605219008054,0.5069960586360717,0.635510345806849,1.1766020158944457,0.4663840575160804,0.5182446231368162,17,3,43.70908174507985,0.8570095891207192,1.7391,0.533
12253474,0.14717314699932987,0.21407798340293652,-0.03826059041696848,0.14211285099747784,0.09495063832339559,0.22022206425034938,14,3,33.579505866751596,0.7892563343928705,0.25382,0.829
12120307,0.42862019190773715,0.20451357071499512,0.31303095263170944,-0.2927915497508593,0.19602723270779918,0.21380154535145177,43,8,6.4820866242561035,0.8115819962153197,0.20072,0.646
12206271,1.4256184624087698,0.5697135179654399,-0.6227243327527668,-1.282420526098349,0.2135450817044285,0.6247824511891441,12,12,154.8672417505482,0.8367388337673836,0.29719,0.398
12416987,0.41909525392623265,0.14174886241829462,0.3707317941943595,0.1954450527307472,0.14464681394023857,0.1307917360393592,11,1,6.422364484945369,0.8790119224280153,0.14494,0.215
12257999,0.5299064404788049,0.18389140615479851,0.36095233080318423,0.387961661184022,0.13099379263582378,0.2196229224346772,16,0,37.78366743774424,0.9823399637210075,0.01213,0.183
12156347,0.5568198683734338,0.2438898253298348,0.3744543619896204,0.41210714213946176,0.12572813148687195,0.30909661153339646,11,6,8.185378486961705,0.8416981049636334,0.48201,0.52
11922678,1.7543337086137405,0.4920230700996717,-0.9956518476532668,1.4444252003627867,0.3076840350970306,0.558686906465201,12,5,16.58440416782691,0.6590714345242024,3.2381,0.761
12061756,0.3489060295382753,0.47932326103224177,-0.02598045278408704,-0.34793739885401465,0.2113777921719735,0.48039844412123406,26,8,237.9630925201987,0.9610482192418891,0.3526,0.327
11923270,0.5247056224552666,0.0638529399095875,0.3299073253343649,0.4080161111119196,0.07676411914367451,0.05376100611227009,17,0,22.420879277978504,0.9749739698163611,0.69016,0.086
11962284,0.527561639143372,0.2974221565711191,-0.4841671666141821,-0.2095314722623698,0.31297747559330386,0.19432596679932626,12,5,6.329360990417671,0.8054271189296793,0.15992,0.332
11872139,1.2771582664865968,0.5821244815285093,-0.0583011483888774,1.2758268745216128,0.5323917324543322,0.5822238884545773,14,3,44.209091352848596,0.6866621628805876,1.2192,0.554
11774303,0.5388777949727077,0.06052399703086922,0.4963920889727278,0.20972403753489743,0.05825471787575196,0.07192471227858119,17,0,12.63324169066101,0.9421986093381318,0.54592,0.114
11872848,0.3716519709499753,0.2254437195677113,-0.18417579705823006,-0.32280716114883035,0.1605189862768808,0.24286198342199447,32,2,123.5976411210182,0.9720233338636275,0.14123,0.112
