Gc,logAge,[M/H],m_ini,logL,logTe,logg,m-M0,Av,m2/m1,mbol,TESS,J,H,Ks,Mact
1,7.51,0.05,0.10156,-2.107,3.484,4.435,6.3,0.029,0.0,16.337,16.144,14.385,13.871,13.609,0.102
1,7.93,-0.09,0.07038,-2.808,3.446,4.824,7.8,0.036,0.0,19.589,19.549,17.546,17.025,16.747,0.07
1,8.61,-0.21,0.97785,-0.13,3.758,4.535,11.5,0.038,0.0,16.595,16.047,15.475,15.143,15.099,0.978
1,8.63,-0.13,0.07778,-3.154,3.418,5.1,7.6,0.035,0.0,20.255,20.376,18.142,17.612,17.323,0.078
1,8.69,0.05,2.92671,2.077,3.686,2.517,8.2,0.037,0.0,7.779,7.183,6.362,5.86,5.775,2.927
1,8.71,-0.13,0.10172,-2.799,3.472,5.078,8.5,0.037,0.0,20.267,20.118,18.295,17.763,17.503,0.102
1,9.05,0.03,1.77354,1.14,3.854,3.91,7.0,0.033,0.0,8.921,8.557,8.269,8.153,8.128,1.774
1,9.05,0.23,0.52388,-1.342,3.595,4.824,8.1,0.036,0.0,16.225,15.762,14.518,13.868,13.73,0.524
1,9.07,0.01,0.10295,-3.03,3.453,5.24,8.6,0.037,0.0,20.945,20.878,18.913,18.383,18.116,0.103
1,9.07,0.49,0.26735,-2.021,3.544,5.01,10.4,0.038,0.0,20.221,19.846,18.417,17.866,17.636,0.267
1,9.09,0.17,0.23634,-2.12,3.539,5.035,7.0,0.033,0.0,17.069,16.703,15.25,14.705,14.474,0.236
1,9.23,-0.03,0.37608,-1.69,3.575,4.949,8.5,0.037,0.0,17.496,17.033,15.738,15.17,14.991,0.376
1,9.23,0.07,0.21294,-2.193,3.54,5.063,10.0,0.038,0.0,20.252,19.888,18.436,17.89,17.659,0.213
1,9.25,-0.13,2.84985,-2.935,4.011,8.231,8.4,0.037,0.0,20.507,20.837,20.856,20.901,20.899,0.737
1,9.25,0.11,0.30922,-1.883,3.557,4.986,9.5,0.038,0.0,18.977,18.569,17.195,16.632,16.418,0.309
1,9.27,-0.15,0.25586,-2.003,3.561,5.04,9.0,0.038,0.0,18.778,18.343,17.017,16.457,16.248,0.256
1,9.27,0.01,0.32535,-1.827,3.565,4.982,10.0,0.038,0.0,19.339,18.907,17.568,17.003,16.804,0.325
1,9.27,0.05,0.79427,-0.615,3.68,4.62,9.5,0.038,0.0,15.807,15.221,14.382,13.84,13.761,0.794
1,9.29,-0.23,0.14608,-2.588,3.505,5.156,6.2,0.028,0.0,17.44,17.163,15.557,15.012,14.769,0.146
1,9.33,-0.05,1.02535,-0.006,3.764,4.457,13.1,0.038,0.0,17.884,17.336,16.786,16.472,16.43,1.025
1,9.35,0.05,0.12631,-2.794,3.477,5.185,9.4,0.038,0.0,21.155,20.992,19.185,18.66,18.4,0.126
1,9.37,-0.27,0.15933,-2.481,3.518,5.141,8.6,0.037,0.0,19.573,19.256,17.728,17.178,16.939,0.159
1,9.39,-0.41,0.97782,0.034,3.784,4.477,13.3,0.038,0.0,17.984,17.497,16.999,16.719,16.686,0.978
1,9.39,0.07,0.98732,-0.121,3.747,4.49,6.8,0.032,0.0,11.873,11.29,10.693,10.345,10.297,0.987
1,9.39,0.13,0.25373,-2.049,3.545,5.018,9.5,0.038,0.0,19.393,19.015,17.591,17.039,16.809,0.254
1,9.43,0.03,0.39895,-1.625,3.576,4.913,8.0,0.036,0.0,16.833,16.377,15.069,14.497,14.321,0.399
1,9.43,0.11,0.10003,-3.077,3.445,5.24,8.3,0.037,0.0,20.763,20.738,18.709,18.178,17.908,0.1
1,9.43,0.33,0.99652,-0.124,3.742,4.472,10.1,0.038,0.0,15.18,14.577,13.963,13.613,13.56,0.997
1,9.45,-0.11,0.20544,-2.194,3.548,5.081,6.7,0.031,0.0,16.954,16.557,15.166,14.613,14.383,0.205
1,9.45,0.03,0.21452,-2.179,3.542,5.063,10.4,0.038,0.0,20.619,20.248,18.808,18.261,18.03,0.215
1,9.47,-0.35,0.09325,-3.192,3.441,5.311,8.0,0.036,0.0,20.75,20.733,18.702,18.147,17.906,0.093
1,9.47,-0.23,0.10288,-3.012,3.463,5.26,8.4,0.037,0.0,20.7,20.582,18.707,18.157,17.913,0.103
1,9.49,-0.43,0.10172,-3.012,3.469,5.279,8.5,0.037,0.0,20.799,20.649,18.836,18.268,18.038,0.102
1,9.49,-0.43,0.19945,-2.16,3.566,5.106,9.5,0.038,0.0,19.669,19.201,17.939,17.38,17.177,0.199
1,9.49,-0.17,0.15399,-2.531,3.509,5.14,7.4,0.034,0.0,18.499,18.214,16.622,16.081,15.839,0.154
1,9.49,-0.17,0.42423,-1.533,3.591,4.908,8.0,0.036,0.0,16.603,16.102,14.913,14.311,14.155,0.424
1,9.49,-0.15,1.04296,0.086,3.778,4.43,9.4,0.038,0.0,13.956,13.437,12.928,12.643,12.607,1.043
1,9.49,-0.09,0.31531,-1.839,3.568,4.996,11.1,0.038,0.0,20.468,20.016,18.712,18.147,17.954,0.315
1,9.49,0.01,0.20121,-2.227,3.54,5.075,7.8,0.036,0.0,18.139,17.771,16.323,15.777,15.546,0.201
1,9.51,-0.39,0.63024,-0.928,3.655,4.73,8.9,0.037,0.0,15.99,15.436,14.504,13.885,13.79,0.63
1,9.51,-0.33,0.48987,-1.335,3.613,4.86,10.0,0.038,0.0,18.108,17.578,16.502,15.867,15.734,0.49
1,9.53,-0.31,0.5886,-1.07,3.636,4.767,7.8,0.036,0.0,15.245,14.705,13.705,13.057,12.947,0.589
1,9.55,-0.33,0.93984,-0.064,3.77,4.5,11.0,0.038,0.0,15.929,15.408,14.87,14.562,14.524,0.94
1,9.55,-0.17,0.12669,-2.766,3.486,5.199,6.7,0.031,0.0,18.386,18.177,16.452,15.91,15.662,0.127
1,9.55,-0.09,0.19709,-2.237,3.543,5.086,10.3,0.038,0.0,20.661,20.283,18.861,18.311,18.08,0.197
1,9.55,-0.07,0.24376,-2.054,3.554,5.041,8.3,0.037,0.0,18.205,17.796,16.427,15.869,15.648,0.244
1,9.55,0.11,0.14804,-2.61,3.492,5.132,9.4,0.038,0.0,20.696,20.478,18.765,18.242,17.988,0.148
1,9.55,0.27,0.13212,-2.759,3.475,5.164,9.4,0.038,0.0,21.067,20.91,19.093,18.57,18.308,0.132
1,9.57,-0.45,0.42636,-1.472,3.608,4.918,10.4,0.038,0.0,18.849,18.31,17.233,16.62,16.479,0.426
1,9.57,-0.31,0.21688,-2.115,3.562,5.083,9.5,0.038,0.0,19.557,19.11,17.811,17.252,17.043,0.217
1,9.57,0.15,0.60398,-1.128,3.616,4.757,9.2,0.038,0.0,16.789,16.288,15.17,14.493,14.374,0.604
1,9.57,0.19,0.19096,-2.314,3.524,5.073,10.3,0.038,0.0,20.855,20.534,18.998,18.465,18.229,0.191
1,9.59,-0.07,0.29762,-1.887,3.564,5.002,10.3,0.038,0.0,19.787,19.349,18.024,17.46,17.259,0.298
1,9.61,0.21,0.72763,-0.805,3.65,4.652,9.2,0.038,0.0,15.983,15.427,14.462,13.83,13.733,0.728
1,9.63,-0.21,0.34188,-1.748,3.58,4.985,8.9,0.037,0.0,18.04,17.551,16.319,15.745,15.57,0.342
1,9.63,-0.03,0.27303,-1.966,3.558,5.017,8.1,0.036,0.0,17.786,17.371,16.01,15.45,15.235,0.273
1,9.63,-0.03,1.41883,-2.701,4.039,8.034,8.3,0.037,0.0,19.822,20.314,20.368,20.423,20.428,0.619
1,9.63,0.01,0.68033,-0.898,3.644,4.689,10.5,0.038,0.0,17.516,16.974,15.988,15.336,15.236,0.68
1,9.65,-0.19,0.33757,-1.762,3.578,4.986,9.8,0.038,0.0,18.974,18.49,17.246,16.675,16.497,0.338
1,9.67,-0.43,0.26644,-1.907,3.581,5.042,10.1,0.038,0.0,19.638,19.13,17.941,17.375,17.196,0.266
1,9.67,-0.41,0.09157,-3.228,3.438,5.325,5.2,0.022,0.0,18.04,18.033,15.977,15.424,15.182,0.092
1,9.67,-0.25,0.27758,-1.914,3.571,5.026,11.9,0.038,0.0,21.454,20.982,19.717,19.155,18.964,0.278
1,9.69,-0.41,0.20731,-2.129,3.567,5.095,9.7,0.038,0.0,19.792,19.323,18.061,17.502,17.3,0.207
1,9.69,-0.19,0.1495,-2.561,3.506,5.144,9.7,0.038,0.0,20.873,20.599,18.992,18.449,18.206,0.15
1,9.69,-0.13,1.13314,0.38,3.791,4.224,10.3,0.038,0.0,14.12,13.626,13.154,12.9,12.867,1.133
1,9.69,-0.03,0.29944,-1.886,3.562,4.996,7.9,0.036,0.0,17.384,16.954,15.614,15.051,14.847,0.299
1,9.71,-0.45,0.34351,-1.685,3.596,4.989,10.9,0.038,0.0,19.882,19.347,18.23,17.643,17.486,0.344
1,9.71,-0.39,0.15853,-2.469,3.523,5.147,8.3,0.037,0.0,19.243,18.904,17.421,16.862,16.625,0.159
1,9.71,-0.37,0.30742,-1.805,3.584,5.012,10.7,0.038,0.0,19.983,19.476,18.289,17.716,17.542,0.307
1,9.71,-0.35,0.26604,-1.93,3.575,5.039,10.7,0.038,0.0,20.295,19.804,18.572,18.012,17.826,0.266
1,9.71,-0.11,0.21517,-2.152,3.55,5.069,7.4,0.034,0.0,17.55,17.149,15.769,15.214,14.984,0.215
1,9.71,-0.09,0.19062,-2.28,3.537,5.093,9.2,0.038,0.0,19.669,19.306,17.855,17.309,17.076,0.191
1,9.73,-0.37,0.10909,-2.907,3.48,5.248,8.6,0.037,0.0,20.638,20.449,18.702,18.139,17.9,0.109
1,9.73,-0.15,0.33911,-1.762,3.576,4.981,8.6,0.037,0.0,17.775,17.298,16.036,15.468,15.288,0.339
1,9.73,0.01,0.24118,-2.066,3.549,5.029,9.3,0.038,0.0,19.236,18.847,17.444,16.89,16.66,0.241
1,9.75,-0.51,0.49914,-1.26,3.627,4.85,8.6,0.037,0.0,16.52,15.979,14.963,14.325,14.201,0.499
1,9.75,-0.29,0.36021,-1.68,3.587,4.97,9.8,0.038,0.0,18.771,18.264,17.08,16.496,16.331,0.36
1,9.75,-0.17,0.65496,-0.904,3.65,4.703,9.1,0.038,0.0,16.13,15.581,14.624,13.987,13.89,0.655
1,9.75,0.09,0.38969,-1.651,3.572,4.915,9.8,0.038,0.0,18.697,18.256,16.923,16.351,16.17,0.39
1,9.77,-0.33,0.27738,-1.897,3.576,5.029,10.6,0.038,0.0,20.113,19.622,18.392,17.829,17.645,0.277
1,9.77,-0.29,0.37531,-1.636,3.59,4.952,11.7,0.038,0.0,20.559,20.049,18.875,18.285,18.123,0.375
1,9.77,-0.25,0.13506,-2.682,3.497,5.184,9.4,0.038,0.0,20.875,20.63,18.977,18.428,18.183,0.135
1,9.77,-0.15,0.18959,-2.276,3.54,5.097,10.1,0.038,0.0,20.561,20.188,18.758,18.208,17.976,0.19
1,9.77,-0.13,0.23213,-2.083,3.555,5.053,10.8,0.038,0.0,20.776,20.362,19.006,18.447,18.227,0.232
1,9.77,-0.05,0.27819,-1.944,3.56,5.011,9.8,0.038,0.0,19.429,19.006,17.658,17.096,16.886,0.278
1,9.79,-0.51,0.75595,-0.461,3.722,4.61,11.8,0.038,0.0,17.722,17.151,16.463,16.038,15.978,0.756
1,9.79,-0.43,0.1813,-2.29,3.548,5.125,10.8,0.038,0.0,21.295,20.883,19.537,18.976,18.745,0.181
1,9.79,-0.41,0.45238,-1.409,3.61,4.888,11.8,0.038,0.0,20.092,19.557,18.481,17.858,17.721,0.452
1,9.79,-0.25,0.69623,-0.751,3.671,4.66,8.7,0.037,0.0,15.347,14.776,13.902,13.327,13.242,0.696
1,9.79,-0.23,0.27718,-1.915,3.57,5.022,11.3,0.038,0.0,20.856,20.39,19.116,18.553,18.361,0.277
1,9.79,-0.09,0.1907,-2.277,3.537,5.092,9.3,0.038,0.0,19.764,19.4,17.95,17.403,17.171,0.191
1,9.79,-0.09,0.15235,-2.551,3.504,5.136,10.0,0.038,0.0,21.148,20.884,19.255,18.722,18.476,0.152
1,9.79,-0.09,0.68296,-0.845,3.653,4.677,12.6,0.038,0.0,19.484,18.93,17.985,17.357,17.263,0.683
1,9.79,0.01,0.64895,-0.968,3.636,4.709,11.6,0.038,0.0,18.791,18.259,17.242,16.577,16.472,0.649
1,9.81,-0.55,0.99472,0.307,3.806,4.297,10.1,0.038,0.0,14.102,13.673,13.23,12.993,12.964,0.995
1,9.81,-0.47,0.1592,-2.45,3.528,5.15,9.2,0.038,0.0,20.095,19.739,18.293,17.73,17.494,0.159
1,9.81,-0.35,0.47329,-1.365,3.611,4.867,9.9,0.038,0.0,18.083,17.552,16.472,15.841,15.706,0.473
1,9.81,-0.29,0.45372,-1.429,3.603,4.883,9.6,0.038,0.0,17.943,17.418,16.305,15.681,15.541,0.454
1,9.81,-0.23,0.47281,-1.391,3.604,4.866,9.5,0.038,0.0,17.747,17.226,16.109,15.477,15.34,0.473
1,9.81,-0.23,0.53614,-1.218,3.619,4.808,11.5,0.038,0.0,19.316,18.79,17.726,17.07,16.947,0.536
1,9.81,-0.21,0.36608,-1.675,3.584,4.957,11.7,0.038,0.0,20.656,20.163,18.947,18.365,18.197,0.366
1,9.81,-0.05,0.24643,-2.041,3.554,5.031,7.6,0.035,0.0,17.472,17.065,15.691,15.133,14.911,0.246
1,9.83,-0.55,0.12892,-2.7,3.505,5.216,9.0,0.038,0.0,20.52,20.234,18.663,18.09,17.856,0.129
1,9.83,-0.55,0.71608,-0.565,3.708,4.637,10.1,0.038,0.0,16.282,15.708,14.973,14.511,14.445,0.716
1,9.83,-0.45,0.10776,-2.917,3.481,5.258,8.8,0.037,0.0,20.863,20.667,18.936,18.365,18.131,0.108
1,9.83,-0.39,0.82048,-0.282,3.744,4.554,12.9,0.038,0.0,18.375,17.819,17.202,16.833,16.784,0.82
1,9.83,-0.21,0.89202,-0.155,3.751,4.493,10.1,0.038,0.0,15.258,14.7,14.108,13.76,13.714,0.892
1,9.83,-0.15,0.21592,-2.139,3.553,5.068,10.5,0.038,0.0,20.618,20.209,18.845,18.288,18.063,0.216
1,9.83,-0.13,0.28185,-1.916,3.565,5.011,10.7,0.038,0.0,20.261,19.817,18.505,17.941,17.741,0.282
1,9.83,-0.11,0.11031,-2.916,3.47,5.225,8.4,0.037,0.0,20.461,20.317,18.482,17.945,17.69,0.11
1,9.83,0.01,0.29511,-1.884,3.56,4.976,8.2,0.037,0.0,17.68,17.262,15.902,15.34,15.131,0.295
1,9.83,0.07,0.28236,-1.936,3.554,4.988,10.8,0.038,0.0,20.41,20.008,18.625,18.065,17.845,0.282
1,9.85,-0.55,0.17189,-2.336,3.546,5.142,9.4,0.038,0.0,20.011,19.6,18.257,17.693,17.463,0.172
1,9.85,-0.29,0.60667,-1.003,3.642,4.738,11.0,0.038,0.0,18.278,17.736,16.755,16.111,16.007,0.607
1,9.85,-0.27,0.37353,-1.641,3.588,4.95,9.9,0.038,0.0,18.772,18.266,17.082,16.494,16.331,0.374
1,9.85,-0.15,0.20704,-2.172,3.551,5.075,10.9,0.038,0.0,21.101,20.698,19.325,18.769,18.54,0.207
1,9.85,-0.13,1.17875,-1.419,4.325,7.873,8.6,0.037,0.0,16.918,19.214,19.501,19.614,19.673,0.589
1,9.85,-0.11,0.26331,-1.975,3.561,5.022,11.5,0.038,0.0,21.208,20.778,19.443,18.881,18.672,0.263
1,9.85,-0.07,0.55255,-1.21,3.614,4.792,10.2,0.038,0.0,17.996,17.482,16.384,15.72,15.597,0.553
1,9.85,-0.03,0.26259,-1.991,3.556,5.017,7.1,0.033,0.0,16.848,16.436,15.068,14.509,14.291,0.263
1,9.87,-0.57,0.20664,-2.082,3.58,5.102,10.7,0.038,0.0,20.675,20.162,18.982,18.42,18.238,0.207
1,9.87,-0.55,0.19275,-2.171,3.569,5.116,9.8,0.038,0.0,19.998,19.514,18.281,17.724,17.525,0.193
1,9.87,-0.55,0.14803,-2.527,3.521,5.166,10.2,0.038,0.0,21.287,20.95,19.471,18.902,18.668,0.148
1,9.87,-0.51,0.28308,-1.822,3.592,5.025,11.3,0.038,0.0,20.624,20.093,18.964,18.387,18.221,0.283
1,9.87,-0.33,0.19945,-2.173,3.559,5.092,10.9,0.038,0.0,21.101,20.662,19.353,18.794,18.579,0.199
1,9.87,-0.31,0.24744,-1.99,3.569,5.044,10.8,0.038,0.0,20.544,20.074,18.809,18.248,18.053,0.247
1,9.87,-0.19,0.25873,-1.974,3.564,5.029,9.7,0.038,0.0,19.405,18.959,17.653,17.091,16.888,0.259
1,9.87,-0.07,0.15399,-2.541,3.505,5.133,7.4,0.034,0.0,18.523,18.256,16.629,16.098,15.852,0.154
1,9.87,-0.07,0.42423,-1.539,3.586,4.894,8.0,0.036,0.0,16.618,16.135,14.901,14.305,14.145,0.424
1,9.87,0.01,0.31532,-1.824,3.563,4.96,11.2,0.038,0.0,20.53,20.103,18.757,18.193,17.991,0.315
1,9.89,-0.61,0.28085,-1.794,3.601,5.028,9.6,0.038,0.0,18.854,18.307,17.22,16.637,16.481,0.281
1,9.89,-0.53,0.36569,-1.592,3.606,4.965,9.6,0.038,0.0,18.35,17.805,16.732,16.133,15.986,0.366
1,9.89,-0.47,0.1309,-2.692,3.503,5.207,8.8,0.037,0.0,20.3,20.025,18.435,17.866,17.627,0.131
1,9.89,-0.39,0.29245,-1.834,3.583,5.016,9.0,0.038,0.0,18.355,17.847,16.659,16.089,15.913,0.292
1,9.89,-0.31,0.38592,-1.596,3.592,4.936,10.7,0.038,0.0,19.461,18.946,17.788,17.192,17.035,0.386
1,9.89,-0.25,0.17505,-2.364,3.532,5.12,9.8,0.038,0.0,20.481,20.124,18.668,18.117,17.882,0.175
1,9.89,-0.25,0.30063,-1.836,3.576,5.002,11.5,0.038,0.0,20.861,20.376,19.132,18.567,18.384,0.301
1,9.89,-0.21,0.32113,-1.791,3.577,4.989,9.8,0.038,0.0,19.048,18.565,17.318,16.75,16.57,0.321
1,9.89,-0.19,0.81435,-0.378,3.722,4.56,10.5,0.038,0.0,16.214,15.629,14.943,14.522,14.464,0.814
1,9.89,-0.19,0.19044,-2.261,3.543,5.096,10.7,0.038,0.0,21.122,20.738,19.331,18.778,18.546,0.19
1,9.89,-0.17,0.97368,0.116,3.773,4.348,11.8,0.038,0.0,16.281,15.754,15.228,14.932,14.894,0.974
1,9.89,-0.09,0.67068,-0.867,3.651,4.681,11.1,0.038,0.0,18.038,17.488,16.533,15.897,15.802,0.671
1,9.89,-0.03,0.75289,-0.638,3.679,4.615,11.1,0.038,0.0,17.464,16.881,16.039,15.49,15.41,0.753
1,9.89,0.05,0.23905,-2.074,3.547,5.022,11.3,0.038,0.0,21.254,20.872,19.455,18.903,18.673,0.239
1,9.91,-0.81,0.17555,-2.266,3.563,5.148,10.3,0.038,0.0,20.735,20.264,19.02,18.456,18.251,0.176
1,9.91,-0.57,0.10599,-2.93,3.483,5.272,8.9,0.037,0.0,20.994,20.782,19.077,18.502,18.279,0.106
1,9.91,-0.55,0.28057,-1.814,3.595,5.027,11.4,0.038,0.0,20.706,20.169,19.055,18.476,18.314,0.281
1,9.91,-0.47,0.08812,-3.355,3.417,5.354,7.2,0.034,0.0,20.356,20.487,18.244,17.692,17.423,0.088
1,9.91,-0.37,0.26871,-1.911,3.577,5.032,11.2,0.038,0.0,20.747,20.251,19.032,18.469,18.286,0.269
1,9.91,-0.35,0.93217,0.122,3.78,4.351,9.7,0.038,0.0,14.164,13.665,13.155,12.87,12.834,0.932
1,9.91,-0.35,0.5409,-1.169,3.628,4.797,9.8,0.038,0.0,17.492,16.958,15.933,15.28,15.162,0.541
1,9.91,-0.35,0.20509,-2.144,3.562,5.088,9.9,0.038,0.0,20.03,19.58,18.287,17.728,17.519,0.205
1,9.91,-0.27,0.11526,-2.856,3.482,5.228,9.2,0.038,0.0,21.109,20.918,19.171,18.619,18.374,0.115
1,9.91,-0.25,0.18531,-2.288,3.542,5.106,9.7,0.038,0.0,20.191,19.808,18.402,17.847,17.615,0.185
2,10.03,-0.73,0.94207,0.037,4.596,7.499,11.2,0.038,0.0,15.878,19.765,20.185,20.337,20.431,0.584
2,10.03,-0.69,0.41466,-1.424,3.626,4.928,11.5,0.038,0.0,19.831,19.283,18.273,17.656,17.523,0.415
2,10.03,-0.67,0.5662,-0.991,3.657,4.757,10.7,0.038,0.0,17.946,17.391,16.475,15.876,15.777,0.566
2,10.03,-0.63,0.34722,-1.598,3.613,4.975,11.3,0.038,0.0,20.064,19.516,18.468,17.867,17.723,0.347
2,10.05,-0.95,0.26093,-1.822,3.608,5.055,10.2,0.038,0.0,19.526,18.973,17.923,17.346,17.188,0.261
2,10.05,-0.93,0.57543,-0.915,3.673,4.753,12.7,0.038,0.0,19.757,19.193,18.338,17.789,17.696,0.575
2,10.05,-0.91,0.11173,-2.806,3.508,5.27,8.0,0.036,0.0,19.786,19.475,17.945,17.363,17.16,0.112
2,10.05,-0.89,0.56536,-0.957,3.668,4.763,12.0,0.038,0.0,19.162,18.601,17.725,17.16,17.064,0.565
2,10.05,-0.87,0.45612,-1.304,3.637,4.894,9.4,0.038,0.0,17.431,16.878,15.906,15.303,15.178,0.456
2,10.05,-0.85,0.51338,-1.136,3.649,4.827,12.0,0.038,0.0,19.609,19.055,18.118,17.515,17.405,0.513
2,10.05,-0.83,0.89196,0.7,3.716,3.497,10.7,0.038,0.0,13.719,13.165,12.45,12.004,11.943,0.892
2,10.05,-0.81,0.26685,-1.813,3.606,5.049,11.5,0.038,0.0,20.803,20.252,19.192,18.61,18.454,0.267
2,10.05,-0.81,0.29116,-1.738,3.611,5.031,12.2,0.038,0.0,21.316,20.764,19.718,19.132,18.98,0.291
2,10.05,-0.81,0.2917,-1.737,3.611,5.031,12.4,0.038,0.0,21.512,20.96,19.914,19.328,19.176,0.292
2,10.05,-0.79,0.60937,-0.816,3.681,4.708,10.0,0.038,0.0,16.81,16.243,15.412,14.876,14.791,0.609
2,10.05,-0.79,0.18353,-2.188,3.573,5.129,10.3,0.038,0.0,20.541,20.038,18.839,18.28,18.089,0.184
2,10.05,-0.79,0.2968,-1.722,3.612,5.026,12.3,0.038,0.0,21.376,20.824,19.779,19.191,19.041,0.297
2,10.05,-0.77,0.43612,-1.365,3.631,4.912,11.0,0.038,0.0,19.182,18.631,17.639,17.028,16.899,0.436
2,10.05,-0.77,0.35641,-1.57,3.62,4.987,12.8,0.038,0.0,21.495,20.943,19.923,19.324,19.182,0.356
2,10.05,-0.75,0.7522,-0.27,3.753,4.544,10.8,0.038,0.0,16.245,15.722,15.13,14.781,14.734,0.752
2,10.05,-0.75,0.19462,-2.108,3.584,5.117,11.4,0.038,0.0,21.44,20.918,19.764,19.199,19.021,0.195
2,10.05,-0.75,0.28936,-1.748,3.61,5.032,12.2,0.038,0.0,21.339,20.788,19.735,19.147,18.996,0.289
2,10.05,-0.75,0.7847,-0.131,3.768,4.482,12.6,0.038,0.0,17.697,17.202,16.651,16.332,16.291,0.785
2,10.05,-0.73,0.21978,-1.99,3.594,5.092,10.5,0.038,0.0,20.246,19.707,18.597,18.023,17.857,0.22
2,10.05,-0.71,0.2081,-2.038,3.591,5.103,11.0,0.038,0.0,20.865,20.332,19.207,18.635,18.465,0.208
2,10.05,-0.71,0.88849,0.456,3.773,3.967,11.5,0.038,0.0,15.13,14.642,14.104,13.797,13.758,0.888
2,10.05,-0.69,0.49368,-1.214,3.639,4.849,11.0,0.038,0.0,18.805,18.256,17.284,16.667,16.55,0.494
2,10.05,-0.69,0.44293,-1.354,3.63,4.904,11.1,0.038,0.0,19.256,18.708,17.71,17.092,16.964,0.443
2,10.05,-0.69,0.47312,-1.272,3.635,4.873,12.6,0.038,0.0,20.55,20.001,19.018,18.401,18.28,0.473
2,10.05,-0.67,0.50481,-1.184,3.641,4.835,10.1,0.038,0.0,17.831,17.282,16.314,15.695,15.581,0.505
2,10.05,-0.67,0.45671,-1.321,3.631,4.89,11.7,0.038,0.0,19.773,19.225,18.23,17.611,17.485,0.457
2,10.05,-0.67,0.32105,-1.65,3.613,4.993,12.5,0.038,0.0,21.396,20.846,19.801,19.204,19.058,0.321
2,10.05,-0.65,0.21258,-2.027,3.589,5.094,11.3,0.038,0.0,21.137,20.609,19.472,18.902,18.73,0.213
2,10.05,-0.65,0.44336,-1.361,3.628,4.902,12.0,0.038,0.0,20.173,19.627,18.62,17.998,17.869,0.443
2,10.05,-0.63,0.43049,-1.398,3.624,4.912,11.2,0.038,0.0,19.465,18.919,17.901,17.279,17.147,0.43
2,10.05,-0.63,0.4247,-1.412,3.623,4.917,11.4,0.038,0.0,19.7,19.154,18.134,17.514,17.38,0.425
2,10.05,-0.61,0.33923,-1.625,3.61,4.981,12.0,0.038,0.0,20.832,20.284,19.227,18.629,18.483,0.339
2,10.05,-0.59,0.10534,-2.937,3.483,5.276,7.3,0.034,0.0,19.412,19.197,17.494,16.919,16.7,0.105
2,10.05,-0.59,0.18018,-2.244,3.56,5.124,10.9,0.038,0.0,21.279,20.824,19.55,18.989,18.777,0.18
2,10.05,-0.57,0.67911,-0.623,3.701,4.641,9.6,0.038,0.0,15.927,15.351,14.59,14.107,14.037,0.679
2,10.05,-0.57,0.23646,-1.953,3.588,5.062,10.7,0.038,0.0,20.353,19.827,18.682,18.111,17.94,0.236
2,10.05,-0.57,0.24767,-1.908,3.591,5.048,11.2,0.038,0.0,20.739,20.209,19.077,18.503,18.335,0.248
2,10.05,-0.57,0.71684,-0.484,3.72,4.602,12.5,0.038,0.0,18.481,17.911,17.216,16.785,16.724,0.717
2,10.05,-0.55,0.66221,-0.692,3.69,4.658,12.6,0.038,0.0,19.101,18.528,17.728,17.213,17.137,0.662
2,10.05,-0.51,0.22998,-1.997,3.581,5.067,11.2,0.038,0.0,20.962,20.449,19.27,18.707,18.527,0.23
2,10.05,-0.51,0.96317,1.727,3.693,2.414,12.1,0.038,0.0,12.553,11.976,11.185,10.683,10.612,0.963
2,10.05,-0.49,0.47173,-1.324,3.621,4.866,11.3,0.038,0.0,19.379,18.839,17.805,17.171,17.041,0.472
2,10.05,-0.49,0.85366,0.013,3.773,4.393,11.7,0.038,0.0,16.438,15.934,15.401,15.096,15.059,0.854
2,10.05,-0.45,0.33242,-1.699,3.595,4.985,12.4,0.038,0.0,21.418,20.885,19.762,19.176,19.018,0.332
2,10.05,-0.43,0.45946,-1.373,3.614,4.875,10.6,0.038,0.0,18.802,18.266,17.204,16.576,16.442,0.459
2,10.07,-1.03,0.22782,-1.936,3.602,5.088,11.4,0.038,0.0,21.011,20.458,19.393,18.824,18.659,0.228
2,10.07,-1.03,0.53878,-1.026,3.664,4.798,14.1,0.038,0.0,21.436,20.876,19.991,19.427,19.325,0.539
2,10.07,-0.93,0.37834,-1.5,3.626,4.966,11.1,0.038,0.0,19.621,19.066,18.068,17.473,17.332,0.378
2,10.07,-0.89,0.64897,-0.64,3.709,4.67,10.7,0.038,0.0,17.07,16.504,15.772,15.317,15.246,0.649
2,10.07,-0.89,0.71694,-0.369,3.745,4.59,13.8,0.038,0.0,19.492,18.963,18.348,17.981,17.929,0.717
2,10.07,-0.87,0.24134,-1.894,3.602,5.07,11.2,0.038,0.0,20.705,20.153,19.083,18.508,18.347,0.241
2,10.07,-0.85,0.88347,1.018,3.706,3.136,11.0,0.038,0.0,13.224,12.665,11.917,11.444,11.379,0.883
2,10.07,-0.85,0.6827,-0.516,3.725,4.634,12.6,0.038,0.0,18.661,18.103,17.425,17.012,16.95,0.683
2,10.07,-0.83,0.18737,-2.152,3.579,5.124,10.5,0.038,0.0,20.649,20.134,18.962,18.401,18.216,0.187
2,10.07,-0.81,0.1604,-2.38,3.547,5.159,9.1,0.038,0.0,19.82,19.401,18.079,17.508,17.285,0.16
2,10.07,-0.79,0.47363,-1.259,3.638,4.873,10.7,0.038,0.0,18.619,18.068,17.097,16.488,16.367,0.474
2,10.07,-0.77,0.18413,-2.182,3.574,5.126,10.8,0.038,0.0,21.025,20.521,19.323,18.765,18.574,0.184
2,10.07,-0.77,0.61054,-0.81,3.681,4.703,11.4,0.038,0.0,18.196,17.629,16.797,16.261,16.176,0.611
2,10.07,-0.77,0.37871,-1.51,3.623,4.963,11.7,0.038,0.0,20.244,19.693,18.679,18.074,17.935,0.379
2,10.07,-0.75,0.37712,-1.515,3.622,4.965,10.4,0.038,0.0,18.957,18.407,17.391,16.785,16.646,0.377
2,10.07,-0.75,0.17305,-2.279,3.56,5.141,10.5,0.038,0.0,20.969,20.51,19.246,18.681,18.471,0.173
2,10.07,-0.75,0.24586,-1.884,3.601,5.062,11.6,0.038,0.0,21.08,20.531,19.451,18.872,18.713,0.246
2,10.07,-0.73,0.5513,-1.025,3.656,4.774,11.6,0.038,0.0,18.934,18.379,17.459,16.859,16.758,0.551
2,10.07,-0.69,0.29456,-1.733,3.61,5.025,10.5,0.038,0.0,19.603,19.054,17.998,17.408,17.258,0.295
2,10.07,-0.69,0.48951,-1.224,3.639,4.853,10.8,0.038,0.0,18.63,18.081,17.108,16.49,16.373,0.49
2,10.07,-0.69,0.34739,-1.597,3.618,4.993,11.7,0.038,0.0,20.462,19.911,18.88,18.28,18.137,0.347
2,10.07,-0.67,0.21122,-2.026,3.59,5.096,10.8,0.038,0.0,20.634,20.103,18.974,18.402,18.232,0.211
2,10.07,-0.67,0.38659,-1.492,3.621,4.948,12.8,0.038,0.0,21.3,20.752,19.728,19.117,18.98,0.387
2,10.07,-0.65,0.32684,-1.642,3.612,4.989,11.8,0.038,0.0,20.674,20.126,19.076,18.479,18.333,0.327
2,10.07,-0.65,0.4358,-1.379,3.626,4.908,11.9,0.038,0.0,20.117,19.57,18.561,17.939,17.808,0.436
2,10.07,-0.61,0.70613,-0.496,3.72,4.608,11.2,0.038,0.0,17.211,16.643,15.948,15.518,15.456,0.706
2,10.07,-0.61,0.68924,-0.56,3.711,4.626,11.6,0.038,0.0,17.771,17.199,16.474,16.02,15.954,0.689
2,10.07,-0.59,0.88731,0.306,3.784,4.163,10.7,0.038,0.0,14.706,14.233,13.73,13.448,13.414,0.887
2,10.07,-0.59,0.44695,-1.366,3.624,4.895,11.6,0.038,0.0,19.786,19.241,18.22,17.594,17.463,0.447
2,10.07,-0.57,0.12196,-2.759,3.501,5.232,9.0,0.038,0.0,20.667,20.396,18.8,18.225,17.993,0.122
2,10.07,-0.57,0.39357,-1.503,3.614,4.937,10.6,0.038,0.0,19.129,18.584,17.533,16.923,16.782,0.394
2,10.07,-0.55,0.48176,-1.279,3.628,4.857,10.2,0.038,0.0,18.168,17.625,16.613,15.98,15.855,0.482
2,10.07,-0.55,0.29262,-1.769,3.598,5.01,10.5,0.038,0.0,19.692,19.15,18.049,17.466,17.309,0.293
2,10.07,-0.53,0.88942,0.241,3.783,4.223,11.2,0.038,0.0,15.367,14.886,14.381,14.097,14.062,0.889
2,10.07,-0.51,0.18848,-2.197,3.563,5.109,10.5,0.038,0.0,20.763,20.3,19.035,18.477,18.267,0.188
2,10.07,-0.51,0.81113,-0.136,3.759,4.466,11.1,0.038,0.0,16.21,15.684,15.112,14.777,14.734,0.811
3,10.07,-3.07,0.24849,-1.769,3.63,5.068,12.2,0.038,0.0,21.392,20.819,19.861,19.364,19.205,0.248
3,10.07,-2.59,0.59531,-0.711,3.727,4.777,14.8,0.038,0.0,21.347,20.83,20.16,19.78,19.698,0.595
3,10.07,-2.47,0.10554,-2.733,3.553,5.354,9.5,0.038,0.0,21.102,20.65,19.383,18.834,18.664,0.106
3,10.07,-2.25,0.69729,-0.272,3.778,4.611,14.2,0.038,0.0,19.651,19.243,18.699,18.385,18.343,0.697
3,10.07,-2.13,0.46976,-1.181,3.667,4.905,13.5,0.038,0.0,21.222,20.643,19.8,19.329,19.198,0.47
3,10.07,-2.11,0.6935,-0.299,3.774,4.619,15.9,0.038,0.0,21.417,20.996,20.444,20.124,20.08,0.693
3,10.07,-2.03,0.29901,-1.622,3.639,5.036,11.9,0.038,0.0,20.724,20.152,19.216,18.703,18.549,0.299
3,10.07,-2.01,0.64657,-0.509,3.749,4.699,14.9,0.038,0.0,20.944,20.461,19.847,19.493,19.431,0.647
3,10.07,-1.71,0.65699,-0.482,3.75,4.681,13.7,0.038,0.0,19.674,19.183,18.573,18.219,18.16,0.657
3,10.07,-1.69,0.7084,-0.256,3.776,4.593,14.3,0.038,0.0,19.711,19.28,18.736,18.422,18.38,0.708
3,10.07,-1.61,0.59448,-0.747,3.714,4.76,13.7,0.038,0.0,20.338,19.787,19.078,18.66,18.577,0.594
3,10.07,-1.57,0.59035,-0.767,3.71,4.762,14.6,0.038,0.0,21.288,20.732,20.012,19.585,19.501,0.59
3,10.07,-1.43,0.83038,0.425,3.817,4.144,17.3,0.038,0.0,21.007,20.655,20.225,19.996,19.97,0.83
3,10.07,-1.39,0.48831,-1.156,3.66,4.869,12.3,0.038,0.0,19.96,19.394,18.508,17.968,17.851,0.488
3,10.07,-1.31,0.66015,-0.511,3.739,4.671,13.0,0.038,0.0,19.048,18.525,17.889,17.513,17.452,0.66
3,10.07,-1.19,0.67654,-0.465,3.742,4.648,15.4,0.038,0.0,21.332,20.81,20.183,19.812,19.754,0.677
3,10.07,-1.07,0.7831,-0.011,3.787,4.438,13.6,0.038,0.0,18.396,17.962,17.458,17.173,17.139,0.783
3,10.07,-1.07,0.74003,-0.221,3.768,4.545,15.1,0.038,0.0,20.423,19.945,19.389,19.066,19.023,0.74
3,10.07,-1.05,0.72587,-0.29,3.759,4.573,15.8,0.038,0.0,21.295,20.799,20.221,19.883,19.836,0.726
3,10.07,-0.31,0.37238,-1.628,3.591,4.946,12.5,0.038,0.0,21.339,20.826,19.66,19.069,18.909,0.372
3,10.11,-2.83,0.5978,-0.686,3.73,4.767,13.6,0.038,0.0,20.086,19.576,18.913,18.537,18.458,0.598
3,10.11,-2.61,0.58658,-0.738,3.722,4.777,13.9,0.038,0.0,20.514,19.988,19.305,18.92,18.833,0.587
3,10.11,-2.39,0.61691,-0.604,3.74,4.739,14.4,0.038,0.0,20.68,20.188,19.551,19.186,19.116,0.617
3,10.11,-2.31,0.7544,0.108,3.813,4.406,11.9,0.038,0.0,16.399,16.072,15.621,15.373,15.347,0.754
3,10.11,-2.13,0.49831,-1.091,3.674,4.87,13.0,0.038,0.0,20.497,19.918,19.098,18.637,18.513,0.498
3,10.11,-2.11,0.40822,-1.355,3.655,4.97,12.6,0.038,0.0,20.758,20.179,19.298,18.81,18.668,0.408
3,10.11,-2.01,0.31244,-1.584,3.641,5.027,12.3,0.038,0.0,21.03,20.457,19.528,19.016,18.864,0.312
3,10.11,-1.97,0.62467,-0.587,3.739,4.721,13.1,0.038,0.0,19.336,18.832,18.194,17.825,17.756,0.625
3,10.11,-1.91,0.60527,-0.673,3.728,4.749,11.9,0.038,0.0,18.352,17.823,17.155,16.77,16.694,0.605
3,10.11,-1.89,0.79362,0.412,3.82,4.154,14.7,0.038,0.0,18.441,18.114,17.688,17.462,17.438,0.794
3,10.11,-1.85,0.55643,-0.877,3.699,4.803,13.2,0.038,0.0,20.164,19.598,18.849,18.413,18.316,0.556
3,10.11,-1.85,0.68958,-0.302,3.771,4.609,15.7,0.038,0.0,21.224,20.789,20.233,19.91,19.865,0.69
3,10.11,-1.81,0.53334,-0.964,3.689,4.829,12.5,0.038,0.0,19.681,19.111,18.328,17.871,17.766,0.533
3,10.11,-1.71,0.40831,-1.355,3.655,4.97,12.6,0.038,0.0,20.758,20.185,19.293,18.776,18.644,0.408
3,10.11,-1.63,0.26644,-1.72,3.631,5.054,11.6,0.038,0.0,20.67,20.106,19.138,18.593,18.439,0.266
3,10.11,-1.61,0.09482,-3.059,3.492,5.389,6.7,0.031,0.0,19.117,18.768,17.216,16.748,16.669,0.095
3,10.11,-1.61,0.54972,-0.912,3.692,4.806,14.0,0.038,0.0,21.05,20.483,19.708,19.247,19.149,0.55
3,10.11,-1.51,0.59907,-0.728,3.714,4.744,14.1,0.038,0.0,20.69,20.137,19.428,19.006,18.925,0.599
3,10.11,-1.47,0.45619,-1.242,3.655,4.907,13.2,0.038,0.0,21.074,20.507,19.61,19.07,18.946,0.456
3,10.11,-1.47,0.62073,-0.642,3.724,4.716,14.3,0.038,0.0,20.676,20.132,19.455,19.053,18.981,0.621
3,10.11,-1.43,0.30583,-1.639,3.629,5.025,12.2,0.038,0.0,21.069,20.508,19.53,18.971,18.819,0.306
3,10.11,-1.43,0.51023,-1.074,3.669,4.842,14.0,0.038,0.0,21.455,20.887,20.031,19.509,19.399,0.51
3,10.11,-1.41,0.61039,-0.692,3.716,4.726,11.3,0.038,0.0,17.799,17.247,16.545,16.125,16.048,0.61
3,10.11,-1.41,0.82337,0.56,3.788,3.893,15.6,0.038,0.0,18.971,18.556,18.048,17.761,17.728,0.823
3,10.11,-1.27,0.20744,-1.997,3.603,5.11,10.7,0.038,0.0,20.462,19.909,18.849,18.284,18.117,0.207
3,10.11,-1.21,0.79884,0.231,3.803,4.269,16.2,0.038,0.0,20.392,20.001,19.537,19.282,19.254,0.799
3,10.11,-1.13,0.70257,-0.344,3.755,4.595,14.2,0.038,0.0,19.829,19.328,18.737,18.391,18.341,0.703
3,10.11,-1.07,0.81978,0.322,3.798,4.167,17.2,0.038,0.0,21.165,20.754,20.278,20.015,19.985,0.82
